{
  "accuracy": 0.8766375,
  "auc": 0.9476621993750001,
  "confusion_matrix": [
    [
      35443,
      4557
    ],
    [
      5312,
      34688
    ]
  ]
}